Hook Style,Main Text,Comment Text
간절한 감사/정보 공유,"ㅁㅊ...이거 알려준 스치니 찾습니다!!ㅠㅠㅠ

진심 은혜 갚고 싶어요
겨 볼 때마다 절 오백번 올립니다ㅠㅠㅠㅠ 1/2","strawberry.7912 > 광고 1시간
두개 다 사도 2만원도 안하니까 저장해두고 꼭 따라해봐!! 제발!!

♥ 관리법 ♥
1 니베아 크림 착색 고민 부위에 잔뜩 발라줘
2 10분 ~ 15분동안 그대로 방치
3 글리콜릭 토너 사용해서 부드럽게 닦아주면 끝!!

⚠️ 제모 직후는 안돼!!
⭐️ 니베아 크림 ⭐️
(link.coupang.com/a/eyk...)

⭐️ 글리콜릭 토너 ⭐️
각질정리랑 색소제거에 효과있음!
(link.coupang.com/a/fsK...)

""쿠팡 파트너스 활동의 일환으로, 일정액의 수수료를 제공받습니다"" 2/2"
강력 추천/도파민 자극,"제발!!! 무인양품가면 10개씩 사ㅠㅠ
진짜 하나만 사면 피눈물 흘린다..

입에 넣자마자 침샘 팍 터지는데
이건 진짜 ㅈㄴ 도파민 터짐ㅠㅠㅠ 1/2","strawberry.7912 2시간
[광고] 무인양품 가면 무조건이야!!!

🔽 '무인양품 간식' 🔽
link.coupang.com/a/fUG...
link.coupang.com/a/fUG...
이 포스팅은 쿠팡 파트너스 활동의 일환으로 이에 따른 일정액의 수수료를 제공받습니다. 2/2"
해외 대란템/호기심 유발,"ㅁㅊ 언니가 해외에서 난리 났다며
한바가지 던져주고 감;;;;

떡인가 했더니 ㅈㄴ개맛있음ㅠㅠ
이거 진짜 뭐야;;; 1/2","strawberry.7912 3시간
[광고] 고소한게 개맛있어ㅋㅋㅋ
link.coupang.com/a/gA5...
link.coupang.com/a/gA5...
이 포스팅은 쿠팡 파트너스 활동의 일환으로, 이에 따른 일정액의 수수료를 제공받습니다 2/2"
다이어트 성공/비법 전수,"ㅁㅊ 텐퍼센트 알바생 제발 어디계세요!!;;ㅠㅠ

평생 은인으로 모실게요ㅠㅠㅠㅠㅠ

운동하기 ㅈㄴ 싫어서
저녁 바꿨는데 벌써 4키로 빠져버림;;;; 1/2","strawberry.7912 1일
[광고] 건강하게 먹었더니 화장실두 엄청 잘감;;;

🛒 재료
-바나나 반개
-아보카도 반개
-아몬드 5~7알
-우유 250ml
-필수템 1숟갈

🔽 죄책감 없이 맛있어지는 킥재료 🔽
link.coupang.com/a/f23...
link.coupang.com/a/f23...

이 포스팅은 쿠팡 파트너스 활동의 일환으로
이에 따른 일정액의 수수료를 제공받습니다. 2/2"
제품 성능 극찬/꿀템 추천,"ㅁㅊ 무인양품 제발 홍보좀 해라;;;
빨대 꼽고 뚜껑 닫히고 흔들어도 안새
디자인도 개잘뽑음
이건 사기템이자너ㄷㄷ 1/2","strawberry.7912 > 광고 1일
link.coupang.com/a/f2j...
link.coupang.com/a/f2j...
이 포스팅은 쿠팡 파트너스 활동의 일환으로
이에 따른 일정액의 수수료를 제공받습니다. 2/2"
전문가 추천/피부 개선 비포애프터,"청담 피부샵 일하는 친구가 추천한 조합인데...

알려준 루틴대로 따라 했더니
화이트헤드랑 블랙헤드 한달만에 조짐;;;;;

나비존이 깐달걀마냥 매끈 촉촉해졌어ㅜㅠㅠㅠ 1/2","strawberry.7912 2일
[광고]주 2~3회만 해도 피부결이 깐달걀됨!!!

저녁 루틴 방법!

1 세안 후 화장솜에 토너를 적셔 얼굴을 부드럽게 닦아준다.
2 코, 턱 등 피지 많은 부위는 5분 정도 올려두면 더욱 효과적!
3 1~2분 정도 흡수시킨 뒤, 크림을 듬뿍 발라 마무리한다.

🧴 토너:
link.coupang.com/a/eDk...
🧴 크림(에멀전보다 크림이 좋아서 이거 써!!):
link.coupang.com/a/eDk...

💡 처음 사용할 땐 살짝 따끔할 수 있지만,
꾸준히 사용하면 묵은 각질과 거친 피부결 정리에도 도움 돼!!!

나도 코 주변 화이트헤드랑 블랙헤드 때문에 고민이었는데, 이 조합 쓰고 진짜 매끈해진 느낌이라 계속 쓰는 중!

이 포스팅은 쿠팡 파트너스 활동의 일환으로 이에따른 일정액의 수수료를 제공받습니다. 2/2"
중독성 강한 맛/텅장 경고,"제발!! 무인양품가면 무조건 10개사ㅠㅠ
도대체 일본 초콜렛 뭐 들어가는거임

한자리에서 2봉지 순삭이야ㅠㅠㅠ
ㅅ...ㅂ... 내 텅장 눈감아 1/2","strawberry.7912 > 광고 2일
그냥 너무 맛있다 후
link.coupang.com/a/gAl...
link.coupang.com/a/gAl...
""이 포스팅은 쿠팡 파트너스 활동의 일환으로, 이에 따른 일정액의 수수료를 제공받습니다. 2/2"
초간단 레시피/배달 대체,"와씨;;;배달앱 켜지말고 이거 해봐!!;;;
재료비 5천원인데 개가성비임

마늘향 싸악 퍼지는데 입안에 군침 돔;;
ㅈㄴ 어나더 레벨이네ㅠㅠㅠ 1/2","strawberry.7912 2일
[광고]

🍯 허니갈릭 치킨스테이크
🛒 준비물
• 닭다리살 2장 (300~400g)
• 전분가루
• 간장 2T (큰술)
• 다진 마늘 1T (큰술)
• 버터 1조각
• 꿀 1T (큰술)
• 소금, 후추 약간
• 파슬리 약간
• 킥소스 1큰술

🔽 감칠맛 올리는 만능 킥소스 🔽
link.coupang.com/a/gz5...
link.coupang.com/a/gz5...

🍳 만드는 법
1 닭다리살에 소금, 후추, 간장 넣고 10분 밑간해
2 앞뒤로 전분가루 골고루 묻혀 탈탈 털기
3 팬에 껍질쪽부터 중불로 노릇하게 굽기
4 팬에 약불로 버터 녹이고 다진 마늘, 간장, 킥소스, 꿀 넣어 소스 만들기
5 구운 닭 다시 넣고 소스 입히면서 윤기 나게 졸여
6 먹기 좋게 썰어 파슬리 뿌리면 끝✨

‼️ 전분 입히고 중불 유지하는 게
겉바속촉 진짜 포인트

쿠팡파트너스 활동의 일환으로 일정액의 수수료를 제공받습니다 2/2"
요리학원 비법/공익 목적 공유,"ㅁㅊ 요리학원 쌤이 알려준 건데
진짜 학원 다니는 보람 있네;;;;

중국집 볶음밥보다도 ㅈㄴ 맛있음ㅠㅠ
10분컷 요리인데 공익을 위해 공유함;;; 1/3","strawberry.7912 2일
[광고] 사천식 소고기 마늘종 덮밥

[재료]
소고기(다짐육 또는 얇게 썬 것) 150g, 마늘종 1봉지, 홍고추 2개, 마늘 5쪽, 쪽파 약간, 밥 2공기

[소스]
진간장 2, 굴소스 1, 올리고당 1, 맛술 1, 후추 약간, 참기름 1, 킥소스

🔽 쌤이 알려준 중화풍 미친 킥소스 🔽
link.coupang.com/a/gz4...
link.coupang.com/a/gz4...

""이 포스팅은 쿠팡 파트너스 활동의 일환으로, 이에 따른 일정액의 수수료를 제공받습니다."" 2/3"
다이어트 식단/체중 감량 비법,"ㅁㅊ 발레리나분 어디계십니까;;

평생 은인으로 모실게요ㅠㅠㅠㅠㅠ
저녁만 바꿨는데 3키로 날라감;;; 1/2","strawberry.7912 3일
[광고] 한번만 먹어봐ㅠㅠ
진짜 고소하고 진한 게 미쳤음ㄷㄷ

다이어트 킥재료✨
link.coupang.com/a/gng...
link.coupang.com/a/gng...

🥣 만드는 방법
1. 킥재료를 깍둑썰기해서 준비.
2. 찜기에 넣고 약 5분간 짜기
3. 킥재료가 잠길 정도로 우유 붓기
4. 콩가루 1스푼을 넣고 잘 섞어주면 완성!

쿠팡 파트너스 활동의 일환으로, 이에 따른 일정액의 수수료를 제공받습니다. 2/2"
맛집 사장님 비법/감칠맛 극찬,"와씨;;; 성북동 닭도리탕집 사장님이
알려준 소스 넣었더니 미쳤네;;

ㅈㄴ 감칠맛 미쳤어ㅠㅠㅠ
맥주랑 먹으니까 진짜 핵존맛;;;ㄷㄷ 1/2","strawberry.7912 3일
[광고] 감칠맛 폭발 무뼈닭발 떡볶이 🌶️

🍢 재료
무뼈닭발 300g, 떡볶이떡 300g, 대파 약간, 양파 1/2개, 다진 마늘 1큰술

🍯 양념
고추장 2큰술, 고춧가루 1큰술, 진간장 1큰술, 설탕 1큰술, 올리고당 1큰술, 물 300ml, 킥소스 1큰술

🔽 감칠맛을 살려주는 킥소스 🔽
link.coupang.com/a/gys...
link.coupang.com/a/gys...

🥣 초간단 레시피
1. 무뼈닭발은 깨끗이 씻어 먹기 좋은 크기로 준비해줌
2. 팬에 다진 마늘과 대파를 넣고 가볍게 볶아 향을 내줌
3. 여기에 고추장, 고춧가루, 진간장, 설탕, 올리고당, 킥소스를 넣고 섞어줌
4. 물 300ml를 붓고 양념을 한소끔 끓여줌
5. 무뼈닭발과 떡볶이떡, 양파를 넣고 양념이 걸쭉하게 배어들 때까지 끓여주면 완성!

이 포스팅은 쿠팡 파트너스 활동의 일환으로, 일정액의 수수료를 제공받습니다. 2/2"
숨겨진 꿀템 발견/분노형 추천,"와씨;; 무인양품 진짜 너무해!!!ㅠㅠ
왜 이런 거 만들어놓고 홍보 안 함;;

립밤이랑 카드 쏙 들어가는데
이거 개꿀템이잖아ㅠㅠㅠㅠㅠㅠㅠ 1/2","strawberry.7912 4일
[광고] 이거 쓰고 지갑 처박아 둠;;;

🔽 '무인양품 파우치' 🔽
link.coupang.com/a/gic...
link.coupang.com/a/gic...
이 포스팅은 쿠팡 파트너스 활동의 일환으로 이에 따른 일정액의 수수료를 제공받습니다. 2/2"
편식 해결/가족 극찬 레시피,"와.. 이거 알려준 이모님 어디계세요;;
제가 절 오천배 올립니다ㅠㅠㅠ

가지 질색하던 남편이
그릇째 긁어먹어서 10번이상 해먹음;;;;;;; 1/2","strawberry.7912 4일
[광고] 마성의 가지덮밥

🟢 재료
가지 1개, 다진 마늘 1큰술, 쪽파 약간, 통깨 1큰술, 고춧가루 1큰술

🍯 양념
뜨거운 기름 약간, 진간장 1큰술, 설탕 1작은술, 참기름 1큰술, 소금, 킥소스 1스푼

🔽 맛을 완성시키는 킥소스 🔽
link.coupang.com/a/f6d...
link.coupang.com/a/f6d...

🥣 초간단 레시피
1. 가지는 깨끗이 씻은 뒤 얇게 썰어줌
2. 볼에 다진 마늘, 쪽파, 통깨, 고춧가루를 넣고 뜨거운 기름 부어 향을 먼저 살려줌
3. 여기에 진간장 1큰술, 킥소스 1큰술, 설탕 1작은술, 참기름 1큰술, 소금 약간 넣고 양념장 만들기
4. 팬에 기름 없이 가지를 올려 앞뒤로 노릇노릇하게 속이 익을 때까지 굽기
5. 구워진 가지에 양념장 투하 후 가볍게 버무리면 완성!

이 포스팅은 쿠팡 파트너스 활동의 일환으로, 일정액의 수수료를 제공받습니다. 2/2"
요리학원 비법/초간단 밥도둑,"ㅁㅊ 요리학원 쌤한테 배운건데
밥 두 공기 순삭함;;;;

중식집 볶음밥보다 ㅈㄴ 맛있음ㅠㅠ
10분컷 요리인데 공익을 위해 공유함;;; 1/2","strawberry.7912 5일
[광고] 10분 완성! 중화풍 다짐육 계란 덮밥

[재료]
다짐육(돼지 or 소), 계란 3알, 쪽파, 밥

[소스]
간장 2, 굴소스 1, 설탕 1, 발사믹식초 2, 소금/후추 약간, 전분물 조금, 킥소스1

🔽 색감, 맛 다잡는 미친 킥소스 🔽
link.coupang.com/a/ehL...
link.coupang.com/a/ehL...

요약 레시피
1 다짐육 볶다가 잡내 잡기
2 간장2+킥소스+굴소스1+설탕1+발사믹2 섞어 소스 넣기
3 계란 3알 올리고 뚜껑 덮어 2분 익히기
4 전분물 부어서 소스 꾸덕하게 만들기
5 밥 위에 올려서 쪽파 솔솔 뿌리면 완성

""이 포스팅은 쿠팡 파트너스 활동의 일환으로, 이에 따른 일정액의 수수료를 제공받습니다."" 2/2"
포차 안주 재현/맥주 안주 추천,"와씨;; 포차 사장님 어디계세요ㄷㄷ
제가 절 오천배 올립니다ㅠㅠㅠㅠ!!!

서비스라더니 ㅈㄴ 맛있음;;
육퇴하고 맥주랑 먹으면 개조아ㅠㅠㅠ 1/2","strawberry.7912 > 광고 6일
🛒 준비물 (2인분)
새송이버섯 2~3개
계란 2개
전분 3큰술
소금 약간
후추 약간
시즈닝 약간

🔽 사장님 추천해준 거 존맛이야 🔽
link.coupang.com/a/gtu...
link.coupang.com/a/gtu...

🔍 레시피
1 새송이버섯은 결대로 길게 찢어 준비합니다.
2 계란 2개, 전분 3큰술, 소금, 후추를 넣고 잘 섞어 반죽을 만듭니다.
3 새송이버섯을 반죽에 골고루 묻혀줍니다.
4 170°C 기름에서 살짝 노릇해질 때까지 1차로 튀긴 뒤 건져냅니다.
5 한 번 더 바삭하게 튀겨 황금빛이 나면 꺼냅니다.
6 마지막으로 시즈닝을 듬뿍 뿌려 완성!

✨ 두 번 튀기면 훨씬 바삭하고, 시즈닝까지 뿌리면 감칠맛이 정말 미쳤어요.

""이 포스팅은 쿠팡 파트너스 활동의 일환으로, 이에 따른 일정액의 수수료를 제공받습니다."" 2/2"
일본 쇼핑 필수템/가성비 가방 추천,"무조건!!! 일본가면 테네라 테네라!!!;;ㅠㅠ

실물 개예쁘고 가벼운데
가격은 더미쳐써ㅠㅠ

명품 다 제치고 맨날 얘만 들고 다님;;ㄷㄷ 1/2","strawberry.7912 2026-08-23
[광고] 핑크샀는데 실물이 존예임 진짜;;;
link.coupang.com/a/eVo...
link.coupang.com/a/eVo...
""이 포스팅은 쿠팡 파트너스 활동의 일환으로, 이에 따른 일정액의 수수료를 제공받습니다. 2/2"
숨겨진 꿀템 발견/분노형 추천,"와씨;; 무인양품 진짜 너무해!!!ㅠㅠ
왜 이런 거 만들어놓고 홍보 안 함;;

립밤이랑 카드 쏙 들어가는데
이거 개꿀템이잖아ㅠㅠㅠㅠㅠㅠㅠ 1/2","strawberry.7912 2026-08-22
[광고] 이거 쓰고 지갑 처박아 둠;;;

🔽 '무인양품 파우치' 🔽
link.coupang.com/a/gic...
link.coupang.com/a/gic...
이 포스팅은 쿠팡 파트너스 활동의 일환으로 이에 따른 일정액의 수수료를 제공받습니다. 2/2"
뷰티 유튜버 추천/단종 방지 호소,"ㅁㅊ 이사배 픽은 무조건 쟁여야 됨;;
이거 단종되면 본사 찾아가서 울 거임ㅠㅠㅠ

ㅈㄴ얇고 깃털처럼 스르륵 그려짐 1/2","strawberry.7912 2026-08-22
[광고]이거 쓰고 아이라인 실패한적이 없음ㅋㅋ

🔽 '아이라인' 정보 🔽
link.coupang.com/a/fYU...
link.coupang.com/a/fYU...
이 포스팅은 쿠팡 파트너스 활동의 일환으로 이에 따른 일정액의 수수료를 제공받습니다. 2/2"
체형 커버/의류 추천,"ㅁㅊ 무인양품 변태 맞네;;
이걸 밧줄처럼 쏙 숨겨놨다고?ㅠㅠ

핏은 ㅈㄴ 하늘하늘한데
내 똥배는 싹 가려줌ㄷㄷ 1/2","strawberry.7912 2026-08-21
[광고] 세탁기 넣어도 주름 싹 유지됨ㅠㅠ
곤색이 더예뻐서 정보가져왔어💙

🔽 치마정보 🔽
link.coupang.com/a/fWv...
link.coupang.com/a/fWv...
이 게시물은 쿠팡 파트너스 활동의 일환으로, 이에 따른 일정액의 수수료를 제공받습니다. 2/2"
살냄새 향수/길던 질문 썰,"와씨;;; 버스에서 옆사람 향에 홀려서
부끄럼 무릅쓰고
향수 뭐 쓰냐고 물어봄;;

근데 향수가 아니라 이거 쓴대;;;
사람 홀리는 향 ㄹㅇ 미쳤음ㄷㄷ 1/2","strawberry.7912 > 광고 2026-08-21
향수 이제 안써,; 그냥 얘만 쓰면 됨ㅁ
link.coupang.com/a/geJ...
link.coupang.com/a/geJ...
""이 포스팅은 쿠팡 파트너스 활동의 일환으로, 이에 따른 일정액의 수수료를 제공받습니다. 2/2"
요리학원 비법/초간단 밥도둑,"ㅁㅊ 요리학원 쌤한테 배운건데
밥 두 공기 순삭함;;;;

중식집 볶음밥보다 ㅈㄴ 맛있음ㅠㅠ
10분컷 요리인데 공익을 위해 공유함;;; 1/2","strawberry.7912 2026-08-21
[광고] 10분 완성! 중화풍 다짐육 계란 덮밥

[재료]
다짐육(돼지 or 소), 계란 3알, 쪽파, 밥

[소스]
간장 2, 굴소스 1, 설탕 1, 발사믹식초 2, 소금/후추 약간, 전분물 조금, 킥소스1

🔽 색감, 맛 다잡는 미친 킥소스 🔽
link.coupang.com/a/ehL...
link.coupang.com/a/ehL...

요약 레시피
1 다짐육 볶다가 잡내 잡기
2 간장2+킥소스+굴소스1+설탕1+발사믹2 섞어 소스 넣기
3 계란 3알 올리고 뚜껑 덮어 2분 익히기
4 전분물 부어서 소스 꾸덕하게 만들기
5 밥 위에 올려서 쪽파 솔솔 뿌리면 완성

""이 포스팅은 쿠팡 파트너스 활동의 일환으로, 이에 따른 일정액의 수수료를 제공받습니다."" 2/2"
초간단 분식 레시피/다이어트 대체,"주말마다 먹는 ㅁㅊ김밥인데
7분 컷이라
라면이랑 먹으면 맛도리임;;;;
20번 해먹어도 ㅈㄴ 맛있어ㅠㅠ 1/2","strawberry.7912 2026-08-21
[광고] 맛도리 스팸땡초김밥

🛒재료
청양고추(오이고추도 좋아!)
스팸, 김밥용 김
밥 1공기
✨일반 밥은 살쪄서 항상 이거 넣어!
link.coupang.com/a/gnY...
간장 1T
알룰로스 1T
킥소스 1T
참기름, 깨, 후추
저당 마요네즈

🔽 맛을 완성시키는 킥소스 🔽
link.coupang.com/a/gnY...

🍳레시피
1. 스팸은 큐브 모양으로 깍둑썰기
2. 청양고추도 송송 썰기!
3. 팬에 스팸 노릇하게 볶다가 고추 넣고 간장,알룰로스,킥소스 1T씩 넣어 졸이듯 볶아주기!
4. 밥, 참기름, 깨 넣고 양념 잘 배게 섞기!
5. 김 위에 밥 평평하게 깔고 돌돌 말아서 썰어주면 끝!

""이 포스팅은 쿠팡 파트너스 활동의 일환으로, 이에 따른 일정액의 수수료를 제공받습니다."" 2/2"
포차 안주 재현/맥주 안주 추천,"와씨;; 포차 사장님 어디계세요ㄷㄷ
제발 메뉴로 팔아주세요ㅠㅠㅠㅠ!!!

서비스라더니 그냥 ㅈㄴ 맛있음ㅠㅠ
어제도 남편랑 맥주 6캔 깜;;;ㄷㄷ 1/2","strawberry.7912 2026-08-20
[광고] 사장님께 물어서 레시피 캐옴ㄷㄷ존맛야

ㅁ준비물
• 전분 2스푼
• 달걀 2알
• 게맛살 1팩,

✔️ 양념
• 소금·후추 약간,
✨치트키✨
link.coupang.com/a/fVX...
link.coupang.com/a/fVX...
(감칠맛 미쳐서 튀김이랑 찰떡궁합이야)

🍳만들기
1. 게맛살은 결대로 찢거나 먹기 좋은 크기로 준비해줌!
2. 볼에 달걀, 전분가루, 소금, 후추 넣고 반죽물 만들어줌!
3. 게맛살에 반죽 골고루 입혀 바삭 코팅해줌!
4. 팬에 기름 넉넉히 두르고 노릇하게 튀기듯 구워줌!
5. 마지막에 치트키 톡 뿌리면 끝!
• Tip: 칠리소스나 마요네즈 찍어 먹으면 진짜 멈출 수 없음!

이 게시물은 쿠팡 파트너스 활동의 일환으로, 이에 따른 일정액의 수수료를 제공받습니다. 2/2"
메이크업 제품 추천/인간 살구,"ㅁㅊ... 삐아 ㅈㄴ 예쁘네
혈색까지 살아서 인간 살구됨ㄷㄷ

차분한데 청순함 터짐ㅠㅠ
예쁘다고 말하기도 질린다 정말;;;; 1/2","strawberry.7912 2026-08-19
[광고]진짜 좋다고 말하기도 입 아플 정도네

🔽 삐아정보 🔽
link.coupang.com/a/fJT...
link.coupang.com/a/fJT...
""이 포스팅은 쿠팡 파트너스 활동의 일환으로, 이에 따른 일정액의 수수료를 제공받습니다."" 2/2"
이자카야 레시피 재현/불맛 볶음면,"와 ㅁㅊ 이거 뭐냐;;
이자카야 서비스로 받았다가
레시피까지 캐옴ㅋㅋㅋ
10번 해먹어도 대존맛ㅠㅠ 1/2","strawberry.7912 2026-08-18
[광고] 감칠맛 폭발 새우볶음면 🍝

🍳 재료
우동면, 새우, 햄(취향껏), 청고추(피망 가능), 식용유

🧂 양념
진간장 1큰술, 굴소스 1큰술, 킥소스 1큰술, 설탕, 치킨스톡 or 미원 살짝.

✨ 사장님 추천해준 소스 ✨
link.coupang.com/a/e3d...

🍳 만드는 법
1. 우동면은 미리 삶아 찬물에 헹궈 준비해둔다.
2. 팬에 기름 두르고 청고추를 먼저 볶아 향을 낸다.
3. 새우와 소시지를 넣고 같이 볶아 재료에 불향을 입혀준다.
4. 삶아둔 면 넣고 진간장, 굴소스, 킥소스, 설탕 약간, 치킨스톡 조금 넣는다.
5. 센 불에서 재빨리 볶아 소스가 면에 골고루 배도록 섞어주면 완성.

이 포스팅은 쿠팡 파트너스 활동의 일환으로, 이에 따른 일정액의 수수료를 제공받습니다. 2/2"
업계 비밀 폭로/라떼 맛의 비결,"나 카페 7년차인데 소신발언할게
라떼는 원두보다 우유야;;;;
고소함이랑 묵직함이 확 달라짐ㄷㄷ 1/2","strawberry.7912 2026-08-18
[광고]우리카페도 라떼 값 올려도 매출이 뜀;;;

🔽 '우유정보' 🔽
link.coupang.com/a/gi1...
link.coupang.com/a/gi1...
이 포스팅은 쿠팡 파트너스 활동의 일환으로 이에 따른 일정액의 수수료를 제공받습니다. 2/2"
제품 성능 극찬/보냉백 추천,"와... 무인양품 진짜 일 ㅈㄴ 잘하네
예뻐서 데려왔더니 보냉력에 뺨 맞음;;
퇴근때까지 얼음팩이 안 녹아ㄷㄷ 1/2","strawberry.7912 2026-08-18
[광고] 예뻐서 데려왔더니 성능도 개미쳤네ㅠㅠ
link.coupang.com/a/ePz...
link.coupang.com/a/ePz...
""이 포스팅은 쿠팡 파트너스 활동의 일환으로, 이에 따른 일정액의 수수료를 제공받습니다"" 2/2"
일본 쇼핑 필수템/피부 개선 극찬,"제발!!! 일본가면 도브 꽉꽉 담아와;;ㅠㅠ

레티놀+세라마이드 때려부었다더니
씻고 나왔는데 피부가 깐달걀 됨ㄷㄷ

제발...한국입점 좀 해주라ㅠㅠㅠㅠㅠㅠ 1/2","strawberry.7912 2026-08-17
[광고]나 쿠팡보다가 개놀람;;; 이거 왜 팔아??

🔽 '도브' 정보 🔽
link.coupang.com/a/fXf...
link.coupang.com/a/fXf...
이 포스팅은 쿠팡 파트너스 활동의 일환으로 이에 따른 일정액의 수수료를 제공받습니다. 2/2"
다이어트 대체 간식/체중 감량 성공,"ㅁㅊ pt쌤 진짜 어디계십니까;;;
60에서 56킬로 됐어요ㅠㅠㅠ

나 브라우니 킬러인데
ㅅㄹ 때도 이거 먹고 다 버팀;;;ㄷㄷ 1/2","strawberry.7912 2026-08-17
[광고] 밥대용으로 먹거야행!!!
단거 땡길때 냉동고에서 하나씩 녹여머겅ㅋㅋ

✔️ 준비물
• 찐 고구마 250g
• 우유 20g
• 콩가루 1숟갈(생략 가능)
• 알룰로스 1스푼

✔️ 양념
• 코코아파우더 10g
• 킥재료50g

🔽 초코볼을 만드는 핵심 킥재료 🔽
link.coupang.com/a/f9U...
link.coupang.com/a/f9U...

✔️ 레시피
1. 찐 고구마에 우유, 콩가루, 알룰로스 넣어줌!
2. 킥재료 넣고 매끄럽게 섞어줌!
2. 한 입 크기로 동글동글하게 뭉쳐줌!
3. 코코아파우더에 굴려 묻히면 완성함!

""이 포스팅은 쿠팡 파트너스 활동의 일환으로, 이에 따른 일정액의 수수료를 제공받습니다."" 2/2"
포차 안주 재현/맥주 안주 추천,"와씨;; 포차 사장님 어디계세요ㄷㄷ
제발 메뉴로 팔아주세요ㅠㅠㅠㅠ!!!

맛보기라더니 그냥 ㅈㄴ 맛있음ㅠㅠ
남편이랑 벌써 맥주 6캔 깜;;;ㄷㄷ 1/2","strawberry.7912 2026-08-17
[광고] 한번 만들때 많이 만들어서 냉동실 넣어바
맥주 먹을 때 꺼내먹으면 진심 존맛야

✔️ 준비물
• 다진 새우살 200g
• 크래미 4개
• 김밥용 김 2장

✔️ 양념
• 맛술 1스푼
• 소금 약간
• 후추 약간

🔽 맛이 확 변하게 하는 킥재료 🔽
link.coupang.com/a/gcN...
link.coupang.com/a/gcN...

✔️ 레시피
1. 다진 새우살에 맛술 소금 후추 넣고 잘 섞어줌!
2. 펼친 김 위에 새우살 넓게 깔고 크래미 올려 말아줌
3. 냉동실에 3시간 넣어 딱딱하게 굳혀줌!
4. 먹기 좋은 크기로 썰어 기름 두른 팬에 노릇하게 구워줌!
5. 킥재료 마구 뿌리면 극락 김새우롤 완성임!

""이 포스팅은 쿠팡 파트너스 활동의 일환으로, 이에 따른 일정액의 수수료를 제공받습니다."" 2/2"
피부 관리 꿀팁/좁쌀 여드름 해결,"백만번은 더 말한 것 같은데..

오돌토돌 있는 사람들은
나이아신+레티놀 조합으로 관리해봐ㅠㅠ

나도 예전에 효과 없었는데...
알고보니 사용법 문제였음;;; 1/2","strawberry.7912 2026-08-16
이 포스팅은 쿠팡 파트너스 활동의 일환으로, 이에 따른 일정액의 수수료를 제공받습니다
*****************************************

⭐ 핵심 ⭐
각질 정리 + 피지 조절 + 모공 막힘 방지(논코메도)야

과잉 피지 + 각질 쌓임 -> 면포(좁쌀) 생김 초기에 자극 없이 각질만 정리하는 게 중요 !!

⭐ 나이아신아마이드 ⭐ (아침, 저녁)
link.coupang.com/a/e8k...
좁쌀 원인인 각질 + 피지 + 염증 동시에 잡음 유튜버/피부과에서도 꾸준히 언급되는 성분 피부결 매끈해지는 체감 빠름
ㅁ턱/볼 오돌토돌 + 피부톤 칙칙한 사람 추천

⭐ 레티놀 ⭐ (저녁)
link.coupang.com/a/e8k...
좁쌀 + 요철 정리용으로 국민템
입문용으로는 0.2로 시작하다가
몇달써도 문제 없으면 0.5로 넘어가는걸 추천해! 2/2"
모델 다이어트 식단/붓기 제거,"ㅁㅊ 모델들이 촬영 전날 먹는다더니;;;;

밤에 먹어도 아침에 1도 안 붓고
5일 만에 -2kg 날려버림ㄷㄷ 1/2","strawberry.7912 2026-08-15
[광고] 요즘 내 최애 간식야ㅁ

🛒 재료
✔️그릭요거트
✔️알룰로스( 당함유 꼭 체크해!!)

🔽 모델 입맛 사로잡는 킥재료 🔽
link.coupang.com/a/fRJ...
link.coupang.com/a/fRJ...

[초간단 3분 루틴]
1 꾸덕한 그릭요거트 크게 푹 떠서 그릇에 담기
2 킥재료 2~3스푼 + 알룰로스 냅다 쏟아붓기
3 텍스처 쫀득해질 때까지 슉슉 섞어주기
4 랩에 싸서 2시간 이상 냉동고 넣어두기

이 포스팅은 쿠팡 파트너스 활동의 일환으로, 이에 따른 일정액의 수수료를 제공받습니다. 2/2"
패션 신상 추천/품절 대란,"ㅁㅊ 롱샴 신상 완전 감다살ㅠㅠ

꾸안꾸로 툭 들어도
분위기 확 사는 게 ㅈㄴ 예쁘네

공홈은 벌써 품절이래ㄷㄷ 1/2","strawberry.7912 > 광고 2026-08-15
재고 풀린 거 언제 또 품절될지 모름ㅠㅠ
link.coupang.com/a/geN...
link.coupang.com/a/geN... 2/2"
맛집 재현 레시피/중독성 강한 맛,"와 ㅁㅊ... 얘들아 나 사고쳤다;;
왜 성수동 맛집 샌드위치랑 똑같지???

7분컷인데 대존맛이야ㅠㅠ
5일내내 먹어도 안질려;; 진짜 ㅁㅊㄴ임ㅠㅠ 1/2","strawberry.7912 2026-08-15
[광고] 한번 먹으면 맨날 먹게 되는
마성의 샌디치;;

✔️ 준비물
• 호밀빵 2장
• 표고버섯 2개
• 양파 1/2개
• 체다치즈 2장

✔️ 양념
• 소금 2꼬집
• 후추 약간
• 버터 1큰술
🔽 샌디치집 맛나는 킥재료 🔽
link.coupang.com/a/fDx...
link.coupang.com/a/fDx...

✔️ 레시피
1. 팬에 버터 두르고 채 썬 양파와 버섯을 노릇하게 볶아줌!
2. 소금, 후추 뿌려 간하고 트러플 오일 살짝 뿌려 풍미 올려줌!
3. 구운 호밀빵 위에 볶은 재료와 치즈 얹어 덮어줌!
4. 치즈 녹을 때까지 팬에서 약불로 앞뒤 구워 완성함!

""이 포스팅은 쿠팡 파트너스 활동의 일환으로, 이에 따른 일정액의 수수료를 제공받습니다."" 2/2"
디저트 맛집 레시피/다이어트 성공,"ㅁㅊ 연남동 디저트집 매출 1위 맞네;;;;;
알려주신 알바생님 절올립니다ㅠㅠㅠ

5킬로 뺐단 글 믿고 먹었는데
저도 2주만에 4킬로나 빠졌어요ㅠㅠㅠㅠㅠ 1/2","strawberry.7912 2026-08-14
[광고] 요거트 찰떡아이스

✔️ 준비물
• 라이스페이퍼 4장
• 그릭요거트 100g
• 블루베리 (딸기) 20g

✔️ 양념
•알룰로스(선택)

🔽 알바생님이 알려준 비법 킥재료 🔽
link.coupang.com/a/f9S...
link.coupang.com/a/f9S...

✔️ 레시피
1. 미온수에 라이스페이퍼 5초간 적셔줌!
2. 요거트와 과일, 알룰로스, 킥재료올리고 사각으로 접어줌!
3. 쟁반에 올려 냉동실 1시간 얼려줌!
4. 쫀득하고 시원한 요거트 찰떡 완성함!

""이 포스팅은 쿠팡 파트너스 활동의 일환으로, 이에 따른 일정액의 수수료를 제공받습니다."" 2/2"
미슐랭 레시피/가족 극찬 썰,"ㅁㅊ 미슐랭 셰프님이 1등 먹은 레시피라더니;;;

입맛 까다로운 시어머니가
식당에서 파는 거냐며 난리 나심ㅠㅠ
용돈 20만원 계좌로 쏴주시더라;;; 1/2","strawberry.7912 > 광고 2026-08-14
밥반찬 맥주안주로 다 찰떡야

🛒 준비물
표고버섯 8개
다진 돼지고기 100g
전분가루 2큰술
식용유 적당량

🧂 고기 양념
진간장 1/2큰술, 다진마늘 1/2작은술
참기름 1/2작은술, 설탕 1/3작은술
후춧가루 약간, 킥소스 반스푼

🔽 감칠맛을 높이는 킥소스 🔽
link.coupang.com/a/gcO...
link.coupang.com/a/gcO...

🍳 레시피
1 다진 고기에 양념재료,킥재료 넣고 찰기 생길 때까지 잘 치대주기
2 표고버섯 기둥 떼어내고 갓에 격자 칼집 내기
3 버섯 안쪽에 전분가루 얇게 묻히고 고기반죽 꾹꾹 채워넣기
4 팬에 기름 두르고 고기 면부터 노릇하게 구워내면 끝!

💡 찍먹소스는 매콤한게 맛있어!!

""이 포스팅은 쿠팡 파트너스 활동의 일환으로, 이에 따른 일정액의 수수료를 제공받습니다."" 2/2"
일본 쇼핑 필수템/여름 쿨링 아이템,"기억해!!! 일본 가면 제발 츠루하 츠루하!!
-19도 쿨링 양산이라더니

햇빛 아래서도 그냥 냉장고야ㅠㅠ
심지어 가격도 개착함ㄷㄷ 1/2","strawberry.7912 2026-08-14
""이 포스팅은 쿠팡 파트너스 활동의 일환으로, 이에 따른 일정액의 수수료를 제공받습니다.""

🔽 정보는 아래에 있어 🔽
link.coupang.com/a/fTW...
link.coupang.com/a/fTW... 2/2"
메이크업 제품 추천/인간 살구,"와씨ㅋㅋ 삐아 ㅈㄴ 예쁘네
예쁘다고 말하기도 지겹다 정말!!!;;;;

차분한데 청순함 터지고
혈색까지 살아서 인간 살구됨ㄷㄷ 1/2","strawberry.7912 2026-08-14
[광고]진짜 좋다고 말하기도 입 아플 정도네

🔽 삐아정보 🔽
link.coupang.com/a/fJT...
link.coupang.com/a/fJT...
""이 포스팅은 쿠팡 파트너스 활동의 일환으로, 이에 따른 일정액의 수수료를 제공받습니다."" 2/2"
다이어트 성공/비법 전수,"와아..ㅁㅊ 텐퍼센트 알바생 어디 계세요;;;;
제가 절 오백번 올릴께요ㅠㅠㅠㅠㅠㅠ

사람들이 천연위고비라더니
저녁만 바꿨는데 3일만에 1킬로 빠짐;;;;;;;; 1/2","strawberry.7912 2026-08-13
[광고] 건강하게 먹었더니 화장실두 엄청 잘감;;;

🛒 재료
-바나나 반개
-아보카도 반개
👉 후숙 어려워서 난 이거 썼어!
link.coupang.com/a/f23...
-아몬드 5~7알
-우유 250ml
-필수템 1숟갈

🔽 더 맛있게 먹게 하는 킥재료 🔽
link.coupang.com/a/f23...
link.coupang.com/a/f23...

이 포스팅은 쿠팡 파트너스 활동의 일환으로
이에 따른 일정액의 수수료를 제공받습니다. 2/2"
단골 맛집 비법/추억의 맛,"ㄷㅂ 학교 앞 단골 떡볶이집 할머니
딸집 근처로 가신다길래
소스 물어봤더니 알려주심ㅋㅋ

하루 매출 100만 원 찍던 곳인데
역시 소스 감칠맛 미쳤네;;ㄷㄷ 1/2","strawberry.7912 2026-08-13
[광고] 학교 앞 추억의 떡볶이

🛒재료
• 떡볶이떡 300g (밀떡 추천)
• 사각어묵 2장
• 대파 1대
• 킥재료 1스푼
• 고추장 1스푼
• 고춧가루 1.5스푼
• 진간장 1스푼
• 설탕 2.5스푼
• 물 300ml

🔽 감칠맛 터지는 킥재료 🔽
link.coupang.com/a/gbc...
link.coupang.com/a/gbc...

🍳만들기
1.떡은 찬물에 잠깐 담가두고,
어묵과 대파는 먹기 좋은 크기로 썰기
2. 냄비에 물 300ml, 고추장 1스푼,
고춧가루 1.5스푼, 진간장 1스푼, 설탕
2.5스푼, 킥재료 1스푼을 넣고 풀어주기
3. 국물이 끓어오르면 떡, 어묵, 대파 등 좋아하는
야채 넣고 자작하게 졸이기
4. 떡에 양념이 쏙 배어들 때까지 보글보글 끓여주면 완성!

쿠팡 파트너스 활동의 일환으로, 이에 따른 일정액의 수수료를 제공받습니
다 2/2"
다이어트/체중감량 비포애프터,"ㅁㅊ 피티쌤이 회원들 먹인대서 만들어 봄;;;
근데 이거 진짜 ㅁㅊ느임ㅋㅋㅋㅋ
초코볼을 먹었는데 4키로나 빠짐ㄷㄷ
운동도 안했는데 이게 뭐지;;;; 1/2","[광고] 밥대용으로 머거야행!!!
단거 땡길때 냉동고에서 하나씩 녹여머겅ㅋㅋ

✔ 준비물
• 찐 고구마 250g
• 우유 20g
• 콩가루 1숟갈(생략 가능)
• 알룰로스 1스푼

✔ 양념
• 코코아파우더 10g
• 킥재료50g

💟초코볼을 만드는 핵심 킥재료💟
link.coupang.com/a/f9U...
link.coupang.com/a/f9U...

✔ 레시피
1. 찐 고구마에 우유, 콩가루, 알룰로스 넣어줌!
2. 킥재료 넣고 매끄럽게 섞어줌!
3. 한 입 크기로 동글동글하게 뭉쳐줌!
4. 코코아파우더에 굴려 묻히면 완성함!

""이 포스팅은 쿠팡 파트너스 활동의 일환으로, 이에 따른 일정액의 수수료를 제공받습니다."" 2/2"
귀여움/공감 유도,"ㅁㅊ 출퇴근 반려템이라더니;;;;
비 오는 날 나가서 신난 꼬맹이자너ㅠㅠㅠ
ㅈㄴ 볼 때마다 심장 아프네 1/2","그래두 너덕분에 출퇴근길이 햄볶해ㅁ
link.coupang.com/a/f9L...
link.coupang.com/a/f9L... 2/2"
초간단 레시피/또띠아,"와 ㅁㅊ.. 이거 알려준 쉐프님 어디계세요?
제가 절 오백번 올립니다ㅠㅠ
또띠아로 만드니 15분컷이야ㅠㅠ
20번 넘게 해먹었는데도 핵존맛;;ㄷㄷ",
맛집 레시피/다이어트,"와씨;; 내 친구 블루리본 가게 운영하는데
놀러 갔다가 홀딱 반해버림;;;;
ㅈㄴ 맛있는 다욧레시피인데
나 64에서 60키로까지 내려감ㄷㄷㄷ 1/2","존맛의 다이어트 두부덮밥ㅁ

✔ 재료
두부 1모, 대파, 다진 마늘,
곤약밥 1공기
👇 살뺄 때 그냥 밥은 절대 안대
link.coupang.com/a/f7S...

✔ 양념
진간장 2스푼, 굴소스 1스푼,
알룰로스 1스푼, 물 100ml
전분물 (전분 0.5스푼 + 물 2스푼)

💟맛을 극대화시키는 킥재료💟
link.coupang.com/a/f7S...
link.coupang.com/a/f7S...

✔ 레시피
1. 대파, 마늘을 볶다가 두부 잘라 넣기!
2. 알룰로스 넣고 졸이다 전분물 둘러 걸쭉하게 만들기!
3. 킥재료 넣고, 후추 톡 뿌려 마무리!
4. 따뜻하게 데운 곤약밥 위에 얹어 비벼 먹으면 부담 없는 다이어트 두부조림 완성!

이 포스팅은 쿠팡 파트너스 활동의 일환으로, 이에 따른 일정액의 수수료를 제공받습니다. 2/2"
해외 쇼핑 추천/뷰티,"와씨;; 일본 가면 이거 꽉꽉 담아와;;
늘어진 모공 매끈하게 잡아주고
붉은기도 싹 진정되고
가격까지 개착함
이거 안 유명한 게 ㅈㄴ 이상함;;; 1/2","한국에서 사도 가격 개착함;;;
link.coupang.com/a/f4T...
link.coupang.com/a/f4T...

""이 포스팅은 쿠팡 파트너스 활동의 일환으로, 이에 따른 일정액의 수수료를 제공받습니다."" 2/2"
패션/가방 추천,"와;;; 롱샴 진심 감다살이네;; ㄷㄷ
국민 애착 천가방만 들다가
이거 매니까 분위기가 달라짐ㄷㄷ
핏은 존예인데
수납력까지 미쳤음ㅠㅠ🖤 1/2","고급미 미쳤음ㅠㅠㅠ

💟 가방정보 💟
link.coupang.com/a/fvY...
link.coupang.com/a/fvY...

""이 포스팅은 쿠팡 파트너스 활동의 일환으로, 이에 따른 일정액의 수수료를 제공받습니다."" 2/2"
뷰티/화장품 추천,"와 ㅁㅊ.. 일본 가면 아네사 꽉꽉 채워와;;
선크림+프라이머+파운데이션인데
땀 범벅돼도 화장 수정 1도 안함ㄷㄷ
이거 진짜 요물이다ㅠㅠㅠㅠㅠㅠㅠ 1/2","[광고] 선크림+프라이머+파데이라 개편함ㅠㅜ

💟 '아네사팩트' 💟
link.coupang.com/a/fWq...
link.coupang.com/a/fWq...

이 포스팅은 쿠팡 파트너스 활동의 일환으로, 이에 따른 일정액의 수수료를 제공받습니다. 2/2"
비법 레시피/반찬,"강남에서 20년째 반찬집 하는 울이모가
매출 1등 메뉴가 이거래;;;
시원한게 감칠맛 싹돌아서
한입 먹어보고 바로 납득 완료했잖아;;;;; 1/2","[광고] 마성의 오이반찬 레시피

🥗 준비물
1. 오이 1개
2. 소금 약간 (절임용 또는 굵은소금)
3. 진간장 1스푼
4. 설탕 0.5스푼
5. 레몬즙 0.5스푼
6. 참깨 약간

💟 이모네 감칠맛 치트키 💟
link.coupang.com/a/f2i...
link.coupang.com/a/f2i...

🍳 레시피
1️⃣ 오이를 얇게 썰어서 소금 살짝 뿌려 10분간 절여줘
2️⃣ 절여진 오이의 물기를 손으로 꽉 짜서 준비하고
3️⃣ 간장, 치트키, 설탕, 레몬즙을 넣고 소스가 잘 배도록 골고루 버무리고
4️⃣ 참깨 솔솔 뿌려 마무리해줘!

이 포스팅은 쿠팡 파트너스 활동의 일환으로, 이에 따른 일정액의 수수료를 제공받습니다."" 2/2"
피부 고민 해결/꿀팁,"제발!!! 나처럼 삽질하지 마;;;ㅠㅠㅠㅠ
오돌토돌 때문에 다 써봤는데
효과 없던 이유가 있더라....
나이아신+레티놀 조합
어떻게 써야하냐면 1/2","이 포스팅은 쿠팡 파트너스 활동의 일환으로, 이에 따른 일정액의 수수료를 제공받습니다.
*********************************
⭐ 핵심 ⭐
각질 정리 + 피지 조절 + 모공 막힘 방지(논코메도)야
과잉 피지 + 각질 쌓임 -> 면포(좁쌀) 생김 초기에 자극 없이 각질만 정리하는 게 중요 ❗

⭐ 나이아신아마이드 ⭐
link.coupang.com/a/f1C...
좁쌀 원인인 각질 + 피지 + 염증 동시에 잡음 유튜버/피부과에서도 꾸준히 언급되는 성분 피부결 매끈해지는 체감 빠름
ㅁ턱/볼 오돌토돌 + 피부톤 칙칙한 사람 추천

⭐ 레티놀 ⭐
link.coupang.com/a/e8k...
좁쌀 + 요철 정리용으로 국민템
입문용으로는 0.2로 시작하다가
몇달써도 문제 없으면 0.5로 넘어가는 걸추천해!
ㅁ세안 후 피부 까끌까끌한 느낌 있음 2/2"
다이어트 간식 레시피,"와씨...피티쌤글보고 직접 만들어 봄;;;;
ㅅㄹ때 입터짐 다막고
후식바꿨다고 4키로나 빠져버리네;;;; 1/2","[광고] 간식 다 끊고 대신 이거 머것음

✔ 준비물
카카오파우더 15g
다크초코칩20g
그릭요거트 100g🥛
(락토프리라 장이 편한데 가격두 저렴해ㅠㅠ)
link.coupang.com/a/fOi...

✔ 양념
• 알룰로스 20g
✨ 치트키 ✨
link.coupang.com/a/f1b...
(살짝만 넣어봐!! 단맛 끌어올리는데 최고야)

✔ 레시피
1. 볼에 그릭요거트, 카카오 파우더, 알룰로스를 넣음
2. 치트키를 살짝 넣고 꾸덕해질 때까지 믹스함
3. 랩이나 비닐 위에 동그랗게 모양을 잡아 올림
4. 표면에 다크 초코칩을 사정없이 콕콕 박아줌
5. 냉동실에 2시간 동안 단단하게 얼려줌
6. 꺼내서 한 입 베어 물면 고급 초코 아이스크림 뺨치는 다이어트 간식 완성함!

""이 포스팅은 쿠팡 파트너스 활동의 일환으로, 이에 따른 일정액의 수수료를 제공받습니다. 2/2"
피부 관리/모공 케어,"뷰티모델하는 친구 모공 관리 꿀팁 뽀려옴;;;
화이트헤드+블랙헤드 고민이라면
피지 많은 부위에 토너 5분 올려두고
크림으로 마무리해봐
피부결 매끈해져서 깐달걀 피부 됨ㄷㄷ 1/2","[광고]주 2~3회만 해도 피부결이 광나더라

💡 처음 사용할 땐 살짝 따끔할 수 있지만,
꾸준히 사용하면 묵은 각질과 거친 피부결 정리에 도움 돼!!!
나도 코 주변 화이트헤드랑 블랙헤드 때문에 고민이었는데, 이 조합 쓰고 진짜 매끈해진 느낌이라 계속 쓰는 중!

✨ 저녁 루틴 방법!
1️⃣ 세안 후 화장솜에 토너를 적셔 얼굴을 부드럽게 닦아준다.
🧴 토너
(link.coupang.com/a/eDk...)
2️⃣ 코, 턱 등 피지 많은 부위는 5분 정도 올려두면 더욱 효과적!
3️⃣ 1~2분 정도 흡수시킨 뒤, 크림을 듬뿍 발라 마무리한다.
🧴 크림
🧴 에멀전 쓰다가 크림이 더 좋아서 요즘 크림써!!
(link.coupang.com/a/eDk...)

이 포스팅은 쿠팡 파트너스 활동의 일환으로 이에따른 일정액의 수수료를 제공받습니다. 2/2"
다이어트 레시피/혈당 조절,"와;;; 나 PT쌤한테 살 안빠진다고 징징댔더니
혈당 안오르는 거라고 이거 먹으래;;
일주일 먹었더니 배가 쏙 들어감ㄷㄷ 1/2","[광고] 배추소고기볶음

재료 (1인분)🥬
소고기 100g (불고기·샤브용) / 알배기 배추 1/4통 / 다진 마늘 1큰술 / 식용유 1큰술 / 물 약간

양념 🧂
간장 1큰술 / 굴소스 1큰술 / 후추 약간

⭐ 간장은 최강록 쉐프 추천한게 기가 막혀 ⭐
(link.coupang.com/a/fdt...)
⭐ 소고기는 이게 부드럽고 야들야들해 ⭐
(link.coupang.com/a/fdt...)

1️⃣ 소고기에 식용유 + 굴소스 + 후추 넣고 10분 재워!
2️⃣ 팬 달구고 고기 센 불에 빠르게 볶은 다음 따로 빼놔
3️⃣ 같은 팬에 마늘 볶다가 배추 딱딱한 부분부터 넣고 숨 죽을 때까지 볶아
4️⃣ 진간장 넣고 향 올라오면 볶아둔 고기 다시 투하
5️⃣ 물 살짝 넣고 꾸덕해질 때까지 졸이면 끝

다이어트 하는 치니에게 완전 극락✨

이 포스팅은 쿠팡 파트너스 활동의 일환으로, 이에 따른 일정액의 수수료를 제공받습니다"" 2/2"
바디케어/향수 대체,"ㅁㅊ. 왜 다들 이솝하는지 알겠다;;;
브러쉬 한 번 쓱 했는데
뱀 피부결 매끈해지고 우디향 폭발함
잔향 미쳐서 향수들 다 처박아둠;; ㄷㄷ 1/2","[광고] 나 요즘 향수 안산다 덕분에 ㅋㅋㅋ

💟 '이솝 제품' 💟
link.coupang.com/a/fZh...
link.coupang.com/a/fZh...

이 포스팅은 쿠팡 파트너스 활동의 일환으로 이에 따른 일정액의 수수료를 제공받습니다. 2/2"
메이크업/아이라이너 추천,"와;;; 이사배 추천템은 또 못 참지!!!;;;
겁나 얇고 부드럽게 그려져
이거 단종되면 나 진짜 운다ㅠㅠㅠㅠ 1/2","[광고]이거 쓰고 아이라인 실패한적이 없음ㅋㅋ

💟 '아이라인' 정보 💟
link.coupang.com/a/fYU...
link.coupang.com/a/fYU...

이 포스팅은 쿠팡 파트너스 활동의 일환으로 이에 따른 일정액의 수수료를 제공받습니다. 2/2"
여름 필수템/양산 추천,"와씨;; 일본 국민양산인 이유가 있네ㄷㄷ
ㅈㄴ 실버 코팅이 햇빛 다 튕겨냄;;;;
이거 쓰니 에어컨 밑에 있는 기분이야ㄷㄷ 1/2","""이 포스팅은 쿠팡 파트너스 활동의 일환으로, 이에 따른 일정액의 수수료를 제공받습니다.""
---------------------------------
💟 우산정보 💟
link.coupang.com/a/ftO...
link.coupang.com/a/ftO... 2/2"
이색 레시피/음료 조합,"ㅁㅊ.. 이건 악마의 레시피다
목욕탕 필수템을 커피에 넣다니;;;
제발 아무도 먹지마 1/2","[광고] 맛있는 건 나만 먹을꺼야ㅋㅋㅋㅋ
근데 편의점 보다 왤케 싸냐;;;

💟 헤이즐넛 정보 💟
link.coupang.com/a/fx5...
💟 바나나우유 정보 💟
link.coupang.com/a/fx5...

이 포스팅은 쿠팡 파트너스 활동의 일환으로, 이에 따른 일정액의 수수료를 제공받습니다. 2/2"
홈카페 레시피/샌드위치,"와 ㅁㅊ... 얘들아 나 사고쳤다;;
왜 성수동 샌드위치 맛이 나지???
양파랑 버섯만 볶았는데 대존맛임ㅠㅠ
정신 차려보니 5일째 해먹고 있어;;ㄷㄷ 1/2","[광고] 버섯치즈샌드위치

✔ 준비물
• 호밀빵 2장
• 표고버섯 2개
• 양파 1/2개
• 체다치즈 2장

✔ 양념
• 소금 2꼬집
• 후추 약간
• 버터 1큰술 🧈
( 성시경 추천 버터 썼더니 풍미 미침ㄷㄷ)
link.coupang.com/a/fDx...
• 트러플 오일 🧈
(트러플 향이 확 올라와서 카페파는 맛 됨)
link.coupang.com/a/fDx...

✔ 레시피
1. 팬에 버터 두르고 채 썬 양파와 버섯을 노릇하게 볶아줌!
2. 소금, 후추 뿌려 간하고 트러플 오일 살짝 뿌려 풍미 올려줌!
3. 구운 호밀빵 위에 볶은 재료와 치즈 얹어 덮어줌!
4. 치즈 녹을 때까지 팬에서 약불로 앞뒤 구워 완성함!

""이 포스팅은 쿠팡 파트너스 활동의 일환으로, 이에 따른 일정액의 수수료를 제공받습니다."" 2/2"
해외 직구 추천/바디워시,"ㅁㅊ 도브 왜 일본에서만 팔아;;;ㅠㅠㅠ
레티놀+세라마이드 때려부었다더니
씻고 나왔는데 피부가 깐달걀 됨ㄷㄷ
제발...한국입점 좀 해주라ㅠㅠㅠㅠㅠㅠ 1/2","[광고]나 쿠팡보다가 놀람;;; 이거 왜 팔아??

💟 '도브' 정보 💟
link.coupang.com/a/fxf...
link.coupang.com/a/fxf...

이 포스팅은 쿠팡 파트너스 활동의 일환으로 이에 따른 일정액의 수수료를 제공받습니다. 2/2"
다이어트 간식/체중 감량,"와씨ㅋㅋ피티쌤 간증글보고 나도 만들어봄
이거 ㅅㄹ때 먹었더니 입터짐 다막음ㄷㄷ
후식만 바꿨는데 4키로 왜 빠진거임;;; 1/2","[광고] 간식 다 끊고 대신 이거 머것음

✔ 준비물
그릭요거트 100g
카카오파우더 15g
다크초코칩20g

⭐ 요거트 ⭐
락토프리라 장이 편한데 가격두 저렴해ㅠㅠ
(link.coupang.com/a/fOi...)
⭐ 초코칩 ⭐
무설탕에 성분 좋은거!! 안넣으면 맛이 밋밋해
(link.coupang.com/a/e66...)

✔ 양념
• 알룰로스 20g
핑크 솔트 약간

✔ 레시피
1. 볼에 그릭요거트, 카카오 파우더, 알룰로스를 넣음
2. 핑크 솔트를 아주 조금만 톡 털어 넣고 꾸덕해질 때까지 믹스함
3. 랩이나 비닐 위에 동그랗게 모양을 잡아 올림
4. 표면에 다크 초코칩을 사정없이 콕콕 박아줌
5. 냉동실에 2시간 동안 단단하게 얼려줌
6. 꺼내서 한 입 베어 물면 고급 초코 아이스크림 뺨치는 다이어트 간식 완성함!

""이 포스팅은 쿠팡 파트너스 활동의 일환으로, 이에 따른 일정액의 수수료를 제공받습니다. 2/2"
뷰티/화장품 추천,"와 ㅁㅊ.. 일본 가면 아네사 꽉꽉 채워와;;
선크림+프라이머+파운데이션인데
땀 범벅돼도 화장 수정 1도 안함ㄷㄷ
이거 진짜 요물이다ㅠㅠㅠㅠㅠㅠㅠ 1/2","[광고] 선크림+프라이머+파데이라 개편함ㅠㅡㅜ

💟 '아네사팩트' 💟
link.coupang.com/a/fWq...
link.coupang.com/a/fWq...

이 포스팅은 쿠팡 파트너스 활동의 일환으로 이에 따른 일정액의 수수료를 제공받습니다. 2/2"
뷰티/피부 케어,"와씨;; 이거 사려고 올영 5군데 돌았어
2주 케어라더니 진심 미쳤다ㄷㄷ 1/2","[광고]올영에 없으면 이제 인터넷에서 살래ㅠ

💟 제품 정보 💟
link.coupang.com/a/fU0...
link.coupang.com/a/fU0...

이 포스팅은 쿠팡 파트너스 활동의 일환으로 이에 따른 일정액의 수수료를 제공받습니다. 2/2"
초간단 레시피/비빔우동,"와씨;; 불 안쓰고 비비면 된다고?!ㄷㄷ
나 이말 믿고 따라했는데 레전드야ㅠㅠ
입안에서 감칠맛 폭발하고 난리 남;;; 1/2","[광고] 더워서 요즘 1일 1끼로 해먹음ㄷㄷ

🥣재료
• 우동면 1개
• 캔참치 1/2캔
• 김치 2스푼
• 쪽파
• 김가루나 통깨 약간

🥣소스
• 쯔유 3스푼
• 날계란 1알
• 다진 마늘 1스푼
• 참기름 1스푼

🍜 냉동우동면
티비에서 쉐프가 추천해준건데 쫄깃함 도랏음
(link.coupang.com/a/fUc...)
🍜 쯔유 2만명이 산거 평보고 샀엉
(link.coupang.com/a/fUc...)

🧑‍🍳 레시피
1️⃣ 쯔유, 참기름, 다진 마늘, 계란 1알을 넣고 소스 만들기
2️⃣ 냉동 우동면을 그릇에 담아 전자레인지에 넣고 4분 돌리기
3️⃣ 돌린 우동면을 찬물에 충분히 헹구기
4️⃣ 미리 만들어 둔 계란 소스에 넣고 골고루 비벼
5️⃣ 면 위에 기름기를 뺀 참치, 다진 김치, 쪽파, 김가루, 통깨 뿌려주면 완성!!

""이 포스팅은 쿠팡 파트너스 활동의 일환으로, 이에 따른 일정액의 수수료를 제공받습니다."" 2/2"
식품 추천/식빵,"아니;; 이 빵 퀄리티 진짜 뭐야?!
유화제 없이 100% 버터만 썼다더니
진짜 고소한 게 미쳤음ㄷㄷ
시판 식빵 맞나 눈 비비고 다시 봄;;; 1/2","[광고] 숙소조식 먹다가 반해서 주문갈김ㄷㄷ
link.coupang.com/a/fTX...
link.coupang.com/a/fTX...

""이 포스팅은 쿠팡 파트너스 활동의 일환으로, 이에 따른 일정액의 수수료를 제공받습니다."" 2/2"
미슐랭 레시피/디저트,"와;;; 미슐랭에서 일하는 친구가
메뉴에 없는 거라며 알려준 건데...
5분 만에 했는데 시원한 게 대존맛 ㄷㄷ 1/2","[광고] 참외 애피타이저🍈

✔재료
• 참외 1개, 그릭요거트 2~3스푼
올리브오일 스푼, 알룰로스 또는 꿀 약간 ,후추 톡톡

🍈 요거트는 가성비에 꾸덕한 게 좋더라🍈
link.coupang.com/a/fyK...
🍈 후추는 색감 미쳤는데 풍미는 더 미침🍈
link.coupang.com/a/fyK...

🧑‍🍳 레시피
1. 참외는 깨끗이 씻어 껍질을 깎은 뒤, 양끝을 자름
2. 수저를 이용해 가운데 씨를 깔끔하게 파내줌
3. 비어있는 참외 속을 그릭요거트로 꽉꽉 채움
4. 먹기 좋은 크기로 썰어 접시에 담기! 냉동실에 10~20분 살짝 얼리면 더 깔끔하게 썰려요!
5. 그 위에 올리브오일랑, 알룰로스, 후추를 취향껏 뿌려주면 완성!

💡 Tip: 후추를 생각보다 넉넉히 뿌려야 단맛과 어우러져 훨씬 고급스러운 맛이 나!

""이 포스팅은 쿠팡 파트너스 활동의 일환으로, 이에 따른 일정액의 수수료를 제공받습니다."" 2/2"
다이어트 간식/붓기 제거,"ㅁㅊ 모델들이 촬영날 먹는거라며?
입터짐용으로 먹었다가 정체기 다 뚫음 ㄷㄷ
아침에 1도 안 붓고 쫀득한게 존맛임;; 1/2","[광고] 흑임자 넣어서 고소한게 미침ㅠㅠ

🥣재료
✔그릭요거트
🥣 성분도 좋은데 가격도 젤 혜자야ㅁ
(link.coupang.com/a/fRJ...)
✔흑임자
🥣 무조건 꼬숩고 입자 고운 거!!
(link.coupang.com/a/fRJ...)
✔알룰로스

[초간단 3분 루틴]
1️⃣ 꾸덕한 그릭요거트 크게 푹 떠서 그릇에 담기
2️⃣ 흑임자가루 2~3스푼 + 알룰로스 냅다 쏟아붓기
3️⃣ 텍스처 쫀득해질 때까지 슉슉 섞어주기
4️⃣ 랩에 싸서 2시간 이상 냉동고 넣어두기

이 포스팅은 쿠팡 파트너스 활동의 일환으로, 이에 따른 일정액의 수수료를 제공받습니다. 2/2"
다이소 꿀템/착색 케어,"ㅁㅊ 다이소 진짜 작정했네;;;
겨 착색 고민이었는데 2주 만에 환해짐ㅠㅠ
괄사까지 되는 게 5천 원이야ㄷㄷ 1/2","[광고] 겨드랑이 착색 싹 털어내는 꿀조합
다이소 미백 괄사 세럼에 글리콜릭 토너 조합인데
2주 만에 눈에 띄게 환해진 거 실화냐고 ㄷㄷ;;

💗 겨드랑이 착색 파괴 루틴 💗
1️⃣ 글리콜릭 토너를 화장솜에 적셔 겨드랑이 묵은 각질을 부드럽게 닦아주기
2️⃣ 다이소 비타 C 괄사 세럼을 착색 부위에 짜낸 뒤, 괄사 롤러로 살살 마사지하며 흡수시키면 끝!!

⚠️ 주의: 제모 직후에는 피하기!
괄사는 살살 문질러주는 게 핵심!!

✨ 다이소 미백괄사 ✨
(link.coupang.com/a/fRB...)
✨ 글리콜릭 토너 ✨
묵은 각질 정리 & 착색 지우개 필수템!
(link.coupang.com/a/fsK...)

이 포스팅은 쿠팡 파트너스 활동의 일환으로, 이에 따른 일정액의 수수료를 제공받습니다. 2/2"
패션/가성비 가방 추천,"와씨;; 찰스앤키스 이번에 미친 거 아냐?!!
에르메스 감성인데 가격은 1/100..
실물 존예에 미친 고급짐ㅠㅠ
아니 진짜 이 가격 맞는 거냐고???!!!ㄷㄷ 1/2","""이 포스팅은 쿠팡 파트너스 활동의 일환으로, 이에 따른 일정액의 수수료를 제공받습니다.""
---------------------------------
💟 가방 정보 💟
link.coupang.com/a/elw...
link.coupang.com/a/elw... 2/2"
생활용품/보냉백 추천,"와... 무인양품 진짜 일 ㅈㄴ 잘하네
예뻐서 데려왔더니 보냉력에 뺨 맞음;;
퇴근때까지 얼음팩이 1도 안 녹아ㄷㄷ 1/2","[광고] 예뻐서 데려왔더니 성능도 개미쳤네ㅠㅠ
link.coupang.com/a/ePz...
link.coupang.com/a/ePz...

""이 포스팅은 쿠팡 파트너스 활동의 일환으로, 이에 따른 일정액의 수수료를 제공받습니다"" 2/2"
초간단 레시피/김밥,"와.. ㅁㅊ 이 김밥 알려준 스치니 사랑함 ㅠㅠ
5분이면 만드는데 ㄹㅇ 맛도리임ㅠㅠ
20번 넘게 해먹었는데도 하나두 안 질림;;ㄷㄷ 1/2","[광고] 무한흡입 스팸땡초김밥

🍳 재료
청양고추(매우면 오이고추도 좋아!!)
스팸, 김밥용 김
밥 1공기
👇 밥은 살쪄서 난 무조건 이걸루 먹엉ㅠㅠ
(link.coupang.com/a/e0b...)
알룰로스 1T, 굴소스 1T
참기름, 깨, 후추
간장 1T

✨ 고추다대기 살짝 넣었더니 미쳤어 ✨
(link.coupang.com/a/fGN...)

🍳 레시피
1. 스팸은 큐브 모양으로 귀엽게 깍둑썰기
2. 청양고추는 송송 썰기!
3. 팬에 스팸 노릇하게 볶다가 고추 넣고 간장·알룰로스·굴소스 1T씩 넣어 졸이듯 볶아주기
4. 밥, 참기름, 깨 넣고 양념 잘 배게 섞기
5. 김 위에 밥 평평하게 깔고 돌돌 말아서 썰어주면 끝!

💡 소스
접시에 마요네즈 듬뿍 짜고, 후추 넣기

""이 포스팅은 쿠팡 파트너스 활동의 일환으로, 이에 따른 일정액의 수수료를 제공받습니다."" 2/2"
쇼핑 정보/가방 추천,"와씨ㅋㅋㅋㅋ이건 못참는다 진짜;;;
일본에서 품절만 100번 보고
빈손으로 돌아왔던 게 한이었는데...
이게 한국에 풀릴줄이야!!!ㅠㅠㅠㅠㅠ 1/2","[광고] 진짜 한국에 풀려서 너무 조앗ㅠㅠ

💟 가방정보 💟
link.coupang.com/a/fFU...
link.coupang.com/a/fFU...

""이 포스팅은 쿠팡 파트너스 활동의 일환으로, 이에 따른 일정액의 수수료를 제공받습니다."" 2/2"
패션/신발 추천,"아..ㅁㅊ 우포스 신상 감다살ㅠㅠ
발 편한 건 이미 검증됐고...
신어보니 둘다 유광에 존예야;;ㄷㄷ
하나만 골라줄 사람??!ㅠㅠ 1/2","[광고] 신발 편한데 그냥 두개 사야하나...

💟 신발 정보 💟
link.coupang.com/a/e63...
link.coupang.com/a/e63...

이 게시물은 쿠팡 파트너스 활동의 일환으로, 이에 따른 일정액의 수수료를 제공받습니다 2/2"
뷰티/베이스 메이크업,"와씨ㅠ 이거 단종되면 나 진짜 운다ㅠㅠ
올영베이스 1위라더니....
모공이랑 요철 부각 싹 가려주니까
피부 표현 진짜 미침;;ㄷㄷ 1/2","[광고] 김나영 최애템이라더니 진짜였어ㅠㅠ

💟 베이스 정보 💟
link.coupang.com/a/fzb...
link.coupang.com/a/fzb...

""이 포스팅은 쿠팡 파트너스 활동의 일환으로, 이에 따른 일정액의 수수료를 제공받습니다."" 2/2"
패션/운동화 추천,"와... 아식스 진짜 선 넘었네;;
신발은 힙한데 착화감까지 미침;;ㄷㄷ
이건 진짜 반칙 아니냐고ㅠㅠ 1/2","[광고] 아식스인데 심지어 예뻐ㅠㅠ!!

💟 신발정보 💟
link.coupang.com/a/fxD...
link.coupang.com/a/fxD...

이 포스팅은 쿠팡 파트너스 활동의 일환으로, 이에 따른 일정액의 수수료를 제공받습니다. 2/2"
매콤 파스타 레시피,"와씨;; 이거 알려준 스치니 나 책임져😱👍
매콤알싸한 게 진짜 레전드 존맛;;
느끼함 싹 잡히고 스트레스 뻥 뚫리네 ㄷㄷ 1/2","[광고]
🍳 재료
파스타면 100g,
👇 파스타는 유기농면이 식감 좋고 속이 편해
(link.coupang.com/a/fDU...)
새우 6~8마리
편마늘 6알,
페페론치노 5개,
건고추 2개,
올리브유 3스푼,
소금 약간,
파슬리 가루 약간,
크러쉬드 레드페퍼 홀
👇 이거 넣었더니 감칠맛이 미침ㄷㄷ
(link.coupang.com/a/fDC...)

🍳 레시피
1️⃣ 끓는 물에 소금 넣고 파스타면을 8분간 삶기
2️⃣ 마늘편 썰고 건고추와 페페론치노는 굵게 부숴두기
3️⃣ 팬에 올리브유를 두르고 편마늘과 고추를 넣어 약불에서 향을 내며 볶기
4️⃣ 마늘이 노릇해지면 새우와 크러쉬드 레드페퍼 홀 1스푼을 넣어 함께 볶기
5️⃣ 삶은 면 and 면수 1국자 살짝 넣고 양념이 잘 베도록 강불에서 골고루 볶아 마무리

이 포스팅은 쿠팡 파트너스 활동의 일환으로 이에 따른 일정액의 수수료를 제공받습니다. 2/2"
생활용품/가방 추천,"와씨;;; 무인양품 미쳤나 진짜;;
가방이 이렇게 가벼워도 됨?
공기 들고 있는 줄ㅠㅠ
롤탑이라 용량 조절되고
비 와도 방수까지 완벽함ㄷㄷ 1/2","[광고] 무지 경량백 맞아? 무게 이거 맞냐고ㄷㄷ

💟 '무인양품 경량백' 정보 💟
link.coupang.com/a/fDM...
link.coupang.com/a/fDM...

이 포스팅은 쿠팡 파트너스 활동의 일환으로 이에 따른 일정액의 수수료를 제공받습니다. 2/2"
생활용품/보냉백 추천,"와... 무인양품 진짜 일 ㅈㄴ 잘하네
예뻐서 데려왔더니 보냉력에 뺨 맞음;;
퇴근때까지 얼음팩이 1도 안 녹아ㄷㄷ 1/2","[광고] 예뻐서 데려왔더니 성능도 개미쳤네ㅠㅠ
link.coupang.com/a/ePz...
link.coupang.com/a/ePz...

""이 포스팅은 쿠팡 파트너스 활동의 일환으로, 이에 따른 일정액의 수수료를 제공받습니다"" 2/2"
패션/운동화 추천,"와...ㅁㅊ 나 아식스만 신었는데
왜 다들 살로몬 하는지 알겠네;;ㅠㅠ
실물 존예라 분위기 미쳤는데
신어보니 착화감은 더 미쳤어;; 1/2","[광고] 나 이거 왜 이제 알았냐;;;

💟 '살로몬 운동화 제품' 💟
link.coupang.com/a/fCC...
link.coupang.com/a/fCC...

이 포스팅은 쿠팡 파트너스 활동의 일환으로 이에 따른 일정액의 수수료를 제공받습니다. 2/2"
생활용품/숙면 꿀템,"무지 롤온 진심 사고쳤다;;
귀 뒤에 슥 슥 문지르고 자면
귀신같이 딥슬립함 ㄷㄷ
벌써 몇 통째 쓰는지 모르겠음ㅠㅠ 1/2","[광고] 나 이거 쓰고 숙면해서 멜라토닌 끊음
link.coupang.com/a/fzt...
link.coupang.com/a/fzt...

""이 포스팅은 쿠팡 파트너스 활동의 일환으로, 이에 따른 일정액의 수수료를 제공받습니다."" 2/2"
다이어트 간식 레시피,"와 ㅁㅊ...내 친구 위고비할 때
간식 대신 먹어서 10킬로 뺐대;;;
나도 후식 대신에 이거 먹었더니
일주일만에 2키로 조짐;;ㄷㄷㄷ 1/2","[광고] 입터질때 빵, 아이스크림 먹지말구
무조건 이거이거!!
냉동실에 살짝 넣어두면 아수크림보다 맛남!!!

재료🍨
• 저지방 요거트 100g
• 바나나 1개
• 알룰로스 1스푼
• 콩가루 🍨
✨ 유기농인데 꼬수워서 이거루 정착했어 ✨
(link.coupang.com/a/fsC...)
✨ 저지방 요거트는 살짝 묵직한게 좋더라 ✨
(link.coupang.com/a/e98...)

🥣 레시피
1️⃣ 그릭요거트에 알룰로스를 넣고 골고루 섞어줘!
2️⃣ 바나나를 먹기 좋은 크기로 자르고 요거트 위에 올림
3️⃣ 콩가루 듬뿍 뿌려줘! 1,2,3번 반복해서 케익처럼 만들기!

""이 포스팅은 쿠팡 파트너스 활동의 일환으로, 이에 따른 일정액의 수수료를 제공받습니다."" 2/2"
미슐랭 레시피/디저트,"왑;;; 이거 알려준 스치니 평생 복받아ㅁㅁ
시아버지가 맛있다며 용돈주고 가심;;;
5분도 안걸리는데 맛은 미술랭급이야ㄷㄷㄷ 1/2","[광고] 참외 애피타이저🍈

✔재료
• 참외 1개, 그릭요거트 2~3스푼
올리브오일 스푼, 알룰로스 또는 꿀 약간 ,후추 톡톡

🍈 요거트는 가성비에 꾸덕한 게 좋더라🍈
link.coupang.com/a/fyK...
🍈 후추는 색감 미쳤는데 풍미는 더 미침🍈
link.coupang.com/a/fyK...

🧑‍🍳 레시피
1. 참외는 깨끗이 씻어 껍질을 깎은 뒤, 양끝을 자름
2. 수저를 이용해 가운데 씨를 깔끔하게 파내줌
3. 비어있는 참외 속을 그릭요거트로 꽉꽉 채움
4. 먹기 좋은 크기로 썰어 접시에 담기! 냉동실에 10~20분 살짝 얼리면 더 깔끔하게 썰려요!
5. 그 위에 올리브오일랑, 알룰로스, 후추를 취향껏 뿌려주면 완성!

💡 Tip: 후추를 생각보다 넉넉히 뿌려야 단맛과 어우러져 훨씬 고급스러운 맛이 나!

""이 포스팅은 쿠팡 파트너스 활동의 일환으로, 이에 따른 일정액의 수수료를 제공받습니다."" 2/2"
소신발언/피부 진정 효과 극찬,"나 소신발언 할게!!
피부 예민한 사람은 이거 써

보습팩처럼 듬뿍 얹고 자면
피부 진정 되고 피부 광채도 미침ㄷㄷ

진심 아모레 최고작인 듯","""이 포스팅은 쿠팡 파트너스 활동의 일환으로, 이에 따른 일정액의 수수료를 제공받습니다.""
----------------------------------------
🔽 크림정보 🔽
link.coupang.com/a/fv2...
link.coupang.com/a/fv2...
🔽 미스트정보 🔽
link.coupang.com/a/fv2...
link.coupang.com/a/fv2..."
가성비/실물 극찬,"와;;; 찰스앤키스 사고쳤네!!ㄷㄷ

에르메스 1/100가격인데
실물 존예에 고급져ㅠㅠ

근데 진짜 이 가격 맞는거야???!!!ㄷㄷ","""이 포스팅은 쿠팡 파트너스 활동의 일환으로, 이에 따른 일정액의 수수료를 제공받습니다.""
----------------------------------------
🔽 가방 정보 🔽
link.coupang.com/a/elw...
link.coupang.com/a/elw..."
인플루언서 언급/이성 반응 극찬,"와씹;; 유튜버 아옳이가 쓴대서 사봤는데...;;

살결 냄새 너무 좋다고
이거 쓰고 향따 5번 따임;;ㅠㅠㅠ

은은한데 향이 고급져서
진짜 여유 넘치는 부잣집 딸내미 향 같음;;ㄷㄷ","[광고] 향수가 고급져ㅠㅠ
link.coupang.com/a/fb4...
link.coupang.com/a/fb4...
이 포스팅은 쿠팡 파트너스 활동의 일환으로, 이에 따른 일정액의 수수료를 제공받습니다."
초저가/피부결 개선 극찬,"와 다이소 PDRN 크림 미쳤네;;;

이거 한개에 천원이라길래
별 기대 없이 썼는데

며칠만에 피부결 달라진 거 보고
다이소 다시 뛰어감ㅠㅠㅠ","[광고] 요즘 PDRN이 유명한 이유가 있었어;;
link.coupang.com/a/dyG...
link.coupang.com/a/dyG...
이 포스팅은 쿠팡 파트너스 활동의 일환으로, 이에 따른 일정액의 수수료를 제공받습니다."
주변 반응/피부 요철 해결 꿀팁,"와;;; 이거 추천한 스치니 절받아ㅠㅠㅠ

회사에 눈썹만 그리고 갔는데
다들 얼굴에 뭐 했냐고

맨날 물어봄;;;","[광고] 요철이랑 모공 싹 잡아주니 쌩얼로 다님;;;;

✔️피부 요철이랑 모공 싹 잡아주는 1등 공신 소스
디오디너리 레티놀 0.2% 인 스쿠알란(입문자용으로 딱임)

👇정보는 여기에👇
🔽 레티놀
link.coupang.com/a/ecB...
🔽 나이아신
link.coupang.com/a/ecB...

! 바르는 순서가 중요해 !

🍳 순서
1️⃣ 나이아신아마이드 세럼으로 피부 바탕
골고루 다지기
2️⃣ 레티놀 딱 한 방울만 섞어서 얼굴 전체에
얇게 펴 바르기
3️⃣ 수분크림 도톰하게 올려서 영양분 못
나가게 꽉 잠그기

💡 꿀팁!
밤에만 바르고 낮엔 선크림 필수!

이 포스팅은 쿠팡 파트너스 활동의 일환으로, 이에 따른 일정액의 수수료를 제공받습니다"
해외 쇼핑 필수템/블랙헤드 박멸,"약속해!! 돈키호테 가면 무조건 쓸어와!!ㅠㅠ

블랙헤드 박멸템이라길래 해봤는데
일주일만에 화이트헤드까지 싹 녹여주네ㄷㄷ","""이 포스팅은 쿠팡 파트너스 활동의 일환으로, 이에 따른 일정액의 수수료를 제공받습니다.""
----------------------------------------
🔽 제품 정보 🔽
link.coupang.com/a/fsF...
link.coupang.com/a/fsF..."
다이어트 레시피/체중 감량 효과,"왁ㅋㅋㅋ이거 알려준 치니야 진심 절받아!!ㅠ

간이 미슐랭급이라 핵존맛임;;ㄷㄷ
일주일 조졌더니 벌써 2킬로 빠졌어ㅠㅠ","[광고] 맛있게 먹는 냉파스타

[재료]
-푸실리 파스타 70g
-새우 100g
(link.coupang.com/a/fsm...)
-오이 취향껏
-방울토마토 7-10알
-삶은 계란
-무가당 플레인 요거트 3큰술
-무가당 머스타드 소스 1큰술
-소금 살짝
-스테비아 설탕 0.5큰술
-파슬리 가루 약간

✨ 푸실리 성분보고 골랐더니 맛도 굳굳이야✨
(link.coupang.com/a/fsm...)
✨ 요거트는 가성비군에 부드럽고 맛있는 거!✨ (link.coupang.com/a/fgn...)

""이 포스팅은 쿠팡 파트너스 활동의 일환으로, 이에 따른 일정액의 수수료를 제공받습니다."""
전문가 추천/인생 정착템,"이거 알려준 스레드 의사양반들
참으로 고마우이ㅁㅁ","""이 포스팅은 쿠팡 파트너스 활동의 일환으로, 이에 따른 일정액의 수수료를 제공받습니다.""
----------------------------------------
🔽 크림정보 🔽
link.coupang.com/a/fq5...
link.coupang.com/a/fq5...

나 1년 넘게 사용중인데
비싼거 많이 써봤지만 이거 써보고 다끊음.
내 주변에 추천해서 사용중인데 다들 만족해함.
해외나갈때 면세서 1+1으로 늘 쟁여놓는 템.
재생크림인데도
건성피부에도 좋고 얼굴이 맑아지는 느낌이야"
비밀 꿀템/단기 다이어트 효과,"사촌언니 항공과 면접 준비할 때
동기들끼리만 공유하던 꿀템이라길래
나도 얼결에 따라 사봄ㅋㅋㅋㅋ

근데 와씨;;
일주일 만에 2키로 빠졌네!!;;;;ㄷㄷㄷ","이 포스팅은 쿠팡 파트너스 활동의 일환으로, 이에 따른 일정액의 수수료를 제공받습니다.
••••••••••••••••••••••••••••••••••••••••••••••••••••••••
👇 편의점 몇군데 갔는데 품절이더라👇
link.coupang.com/a/fps...
link.coupang.com/a/fps..."
다이어트 레시피/체중 감량 효과,"와..ㅁㅊ 이거 알려준 치니 평생 복받아👍

꾸덕 달달한 게 차갑게 먹으니 핵맛있음ㄷㄷ
3일 조졌더니 벌써 1키로 빠졌어;;;","[광고] 초코바나나 요거트볼

✔️ 준비물
• 요거트 100g
• 바나나 반 개
• 블루베리 10알
• 카카오닙스 1스푼
• 카카오파우더 1스푼

✔️ 양념
• 알룰로스 1스푼(생략가능)

👇 카카오닙스는 로스팅한 게 진짜 존맛임👇
(link.coupang.com/a/fnK...)
👇 요거트는 가성비 좋은데 깔끔하니 맛있어👇
(link.coupang.com/a/fnK...)

✔️ 레시피
1. 볼에 꾸덕한 그릭요거트를 넓게 펴 발라줌
2. 바나나는 한 입 크기로 썰고 블루베리와 함께 올려줌
3. 그 위에 카카오닙스를 골고루 뿌려 식감을 살려줌
4. 카카오 파우더와 알룰로스1스푼 투하함
5. 요거트와 재료들을 부드럽게 믹스함

""이 포스팅은 쿠팡 파트너스 활동의 일환으로, 이에 따른 일정액의 수수료를 제공받습니다."""
약사 추천/피부 장벽 개선 꿀팁,"약사 추천 간증글보고 산건데...

피부장벽 다 무너지고 속당김 심하면
이거 진짜 꼭 써봐;;

이거쓰고 속당김 확 줄고
다음날 피부결 자체가 다름 ㄷㄷ","이 포스팅은 쿠팡 파트너스 활동의 일환으로, 이에 따른 일정액의 수수료를 제공받습니다.
••••••••••••••••••••••••••••••••••••••••••••••••••••••••
⭐ 앰플 ⭐
link.coupang.com/a/fiN...
⭐ 크림 ⭐
link.coupang.com/a/fiN...

[사용법]
✔️ 평소 쓰는 수딩젤이나 에센스에
디판테놀 연고/앰플 쥐눈이콩만큼 섞어!

얼굴에 팩처럼 두툼하게 올리고
15분 뒤에 닦아내 봐
다음 날 세수할 때 피부결 자체가 다름 ✨

1. 좁쌀 여드름 & 붉은기
압출하고 나서 아무거나 바르면 흉터 남아
이때 디판테놀 발라주면 재생 속도 빨라짐
흉터 자국 안 남게 도와주는 치트키임

2. 팔꿈치/뒤꿈치 각질
샤워하고 물기 있을 때 디판테놀 섞어서 발라봐! 아기 발 됨

✨ 연고,앰플 꾸덕해서 밤에만 소량 바르기~!"
중독성 레시피/맛 극찬,"와씨;;; 이거 레시피 뿌린 치니 나 책임져!!ㅁ

꾸덕 쫀득한 게 식감 개미쳤네;;;
고소하고 칼칼한게 소스가 핵존맛임ㄷㄷ","[광고] 바게트 찍어먹어봐ㅠ 핵 존맛임ㅠㅠ

✨재료
우유 400ml
카레 1조각
불닭소스 원하는 만큼
고춧가루 조금
중국당면
일반당면
버터
다진마늘 반스푼
양파 1개
소세지

⭐ 소세지는 한성기업 소세지가 찐이야ㅠ ⭐
(link.coupang.com/a/fgK...)

⭐ 버터는 성시경 추천한 거 넣으니
맛이 풍미가 달라져서 이것만 먹어 ⭐
(link.coupang.com/a/fgK...)

레시피🍳
1.중국당면을 1시간 불린다.
2.팬에 버터, 양파, 다진마늘, 소세지 재료 넣고 양파가 투명해질때까지 중약불에 볶는다
3.약불에 우유 400ml, 카레큐브 1조각, 불닭 소스를 넣고 끓이고 고춧가루를 넣는다
4.일반당면 중국당면을 넣고 푹 끓인다

이포스팅은 쿠팡 파트너스 활동으로 수수료를 제공받습니다."
반전 매력/체형 커버 극찬,"와..ㅁㅊ 무인양품 진짜 변태 같다;;;

포장 뜯기 전엔
밧줄인줄 알았는데 입어보니...

똥배 싹 가려주고
하늘하늘 핏되서 미쳐버림ㅠㅠ💙","[광고] 쿠팡 파트너스 활동의 일환으로,
이에 따른 일정액의 수수료를 제공받습니다
••••••••••••••••••••••••••••••••••••••••••••••••••••••••
💕 요즘 무인양품 옷예뻐서 자주감ㅋㅋ💕
⭐⭐⭐블라우스⭐⭐⭐
link.coupang.com/a/e7W...
⭐⭐⭐바지⭐⭐⭐
link.coupang.com/a/e7W..."
안주 레시피/맛 극찬,"와씨;; 이거 알려준 치니 미슐랭 쉐프야?!!;;;

겉바속촉에 매콤 짭짤 소스가
혀에 착 감기는데 진짜 존맛임..ㅠㅠ

한 입 먹고 편의점 맥주까지 사러 뛰어감!;;ㄷㄷ","[광고]
✔️ 재료
• 닭다리살 500g (정육)
• 밑간 : 소금, 후추, 맛술 1큰술
• 양념 : 간장 3큰술, 올리고당 2큰술, 굴소스
1큰술, 다진 마늘 1큰술, 고춧가루 1큰술, 물 3큰술

⭐ 간장은 난 이거만 써!! 감칠맛이 다름ㅠ⭐
link.coupang.com/a/e48...

✔️ 만드는 법
1.닭다리살은 껍질이 바깥으로 오게 돌돌 말아 실이나 꼬치로 고정해줌
(귀찮으면 그냥 구워도 OK!)
2.팬에 기름을 살짝 두르고 닭다리살을 앞뒤로
노릇하게 구워줌
3.팬의 기름을 살짝 닦아낸 뒤, 섞어둔 양념장을 붓고 중약불에서 소스가 꾸덕해
질 때까지 졸여줌
4.한 김 식힌 뒤 먹기 좋은 크기로 썰어주면 끝!
(통깨나 파를 솔솔 뿌리면 더 먹음직해)

""이 포스팅은 쿠팡 파트너스 활동의 일환으로, 이에 따른 일정액의 수수료를 제공받습니다."""
디자인/수납력 극찬,"아니;;; 아크테릭스 진심 미쳤나;;ㄷㄷ

백팩 핏 무너짐 없이 개 예쁘자너...
근데 노트북에 아이패드까지 다 들어감;;ㄷㄷ","[광고] 진짜 나같은 보부상에게 찰떡이야ㅠㅠ
link.coupang.com/a/e3u...
link.coupang.com/a/e3u...
""이 포스팅은 쿠팡 파트너스 활동의 일환으로, 이에 따른 일정액의 수수료를 제공받습니다."""
아이 반찬/레시피 추천,"이거 알려준 스치니 평생 절할게ㅠㅠㅠ

아들래미 밥 안먹어서 고생이었는데
이거 해주고 밥 두그릇씩 비움...ㄷㄷㄷ

일주일째 먹는데도 환장하고 먹네;;;;","[광고] 파인애플 찹스테이크

✔️ 재료
소고기300g(등심 또는 스테이크용)
, 파인애플 1/4통

✔️ 양념(각 1큰술)
진간장,맛술,전분,식용유,흑후추 약간,파슬리,굴소스

⭐ 잡내도 없고 두툼해서 소고기 이거 먹어⭐
link.coupang.com/a/e0c...
⭐ 파인애플 잘못사면 맛없어서 후기 보고 사⭐
link.coupang.com/a/e0c...

🍳 만드는 법
1. 키친타월로 고기 핏물 닦고 양념, 전분,
식용유 넣어 20분 재우기
(전분+오일이 육즙 잡아줘서 더 부드러워짐)
2. 파인애플은 한입 크기로 썰어
소금물에 5분 담갔다 물기 빼기
(단맛 올라오고 풍미 좋아짐)
3. 센 불에 고기 먼저 빠르게 볶고,
파인애플 넣어 같이 볶기
4. 흑후추, 파슬리 뿌리면 완성 짭짤한 스테이크에 달콤한 과즙 올라와서 조합
좋음

*이 포스팅은 쿠팡 파트너스 활동의 일환으로 일정액의 수수료를 제공받습니다."
노밀가루 베이킹/레시피 추천,"와..이 레시피 알려준 치니 파티쉐야?!!ㄷㄷ

밀가루 1도 안 넣었는데
겉은 빠삭하고 속은 촉촉해서 핵존맛임ㅠㅠㅠ

고소한게 진짜 빵순이들 미치게 하네;;;;;","[광고] 밀가루 한 톨, 설탕 하나도 안썼는데..
핵 고소혀...ㄷㄷㄷ

✨재료
• 타피오카 전분 240g✨✨
• 슈레드 치즈 100g
• 계란 2개
• 우유 200ml
• 식용유(옥수수유면 더 고소함) 80ml
• 알룰로스 50g (단맛 취향껏 조절!)

✨겉바속쫀 식감은 무조건 타피오카 넣어야해!
link.coupang.com/a/eYa...

✨늘어나는 비주얼은 치즈가 좌우함!✨
link.coupang.com/a/eYb...

✨머핀틀에 구우면 모양 예뻐짐! ✨
link.coupang.com/a/eYb...
*이 포스팅은 쿠팡 파트너스 활동의 일환으로, 이에 따른 일정액의 수수료를 제공받습니다."
여행 필수템/착용감 극찬,"와씹;;ㅠㅠ 일본가면 몽벨 줄서지마...
다 품절이라 매장 5군데 가서 겨우 사옴;;;

와.. 근데 가방이 진짜 솜털인 줄...;;;

2박3일 여행 내내 메고 다녔는데
어깨 1도 안 아픔ㅠㅠㅠㅠ",
여름 패션/착용감 극찬,"와;; 유니클로 바지 맛집인 거 ㅇㅈ?

바지속에 누가 에어컨 튼 줄ㅠㅠㅠㅠ
허리 밴딩이라 완전 편한데...

바지 핏은 ㄹㅇ 더 미쳤음;;;;","[광고] 여름에 긴바지만 입는 사람들 모여라ㅋㅋ
link.coupang.com/a/eln...
""이 포스팅은 쿠팡 파트너스 활동의 일환으로, 이에 따른 일정액의 수수료를 제공받습니다"""
품절 대란/화장 잘 먹는 꿀템,"다이소에서 이거 진짜 파는거 맞아?
5군데를 몇 번 돌아도 없어 ㅠㅠㅠ
재입고 시간에 갔는데도 하나 남음..ㄷㄷ

누가 다 쓸어 가는 거냐ㅠㅠㅠㅠㅠ","[광고]아침 준비할 때 쓰면 화장 개잘먹음ㅠㅠㅠ
link.coupang.com/a/erH...
link.coupang.com/a/erH...
""이 포스팅은 쿠팡 파트너스 활동의 일환으로, 이에 따른 일정액의 수수료를 제공받습니다."""
착용감 극찬/신상 추천,"와;;우포스 디자이너 영입했다더니 미쳤다;;;ㅠㅠ

하루에 2만 보씩 걸어도 발바닥 안 아파
집에 깔별로 있는 내 문신템인데

와씨;;; 땡땡이 버전 넘 귀엽자너ㅠㅠㅠ","[광고] 우포스 더 많은 디자인 나오면 좋겠당
link.coupang.com/a/eHs...
이 포스팅은 쿠팡 파트너스 활동의 일환으로, 이에 따른 일정액의 수수료를 제공받습니다"
향수 추천/코통사고,"스레드에서 코통사고 간증글 봤는데....

백화점에서 시향하고 한 바퀴 돌았는데도
향이 너무 좋아서 봤더니 이거더라;;;

딱 샤워 갓 하고 나온 맑은 향임!!!;;;;ㄷㄷㄷ","[광고] 흔하지 않은데 고급호텔 침구향이라서
향수 안좋아하는 나도 홀려버림ㅠ
link.coupang.com/a/eGB...
link.coupang.com/a/eGB...
이 포스팅은 쿠팡 파트너스 활동의 일환으로, 이에 따른 일정액의 수수료를 제공받습니다"
인생 레시피/맛 극찬,"와씨;;; 제 인생라떼 알려준 스친님 어디계세요ㅠㅠㅠㅠ

제가 그쪽으로 하루종일 절할게요ㅠㅠㅠㅠ

우유하나 바꿨을 뿐인데...
입안에 착 감는 게 고소하고 묵직함 미쳤음;;;;","[광고] 밍밍한 라떼 맛 이거 넣으면 싹 잡힘..ㄷㄷ
link.coupang.com/a/eGv...
link.coupang.com/a/eGv...
이 포스팅은 쿠팡 파트너스 활동의 일환으로, 이에 따른 일정액의 수수료를 제공받습니다"
착용감 극찬/발바닥 통증 완화,"와...아식스 마케팅팀 일 안 하나!!!;;;;ㄷㄷㄷ

디자인 힙해서 실물 존예인데
푹신푹신 착화감까지 진짜 미쳤음... ㄷㄷ

나 족저근막염인데 진심 발바닥 1도 안아픔;;;ㅠㅠㅠㅠㅠ","[광고] 아식스 한번 신으면 다른 신발 못신음ㅠ
link.coupang.com/a/eEP...
link.coupang.com/a/eEP...
이 포스팅은 쿠팡 파트너스 활동의 일환으로, 이에 따른 일정액의 수수료를 제공받습니다"
중독성 간식/맛 극찬,"와 ㅁㅊ... 이거 누가 스레드에 올린 거냐...
스레드 보고 만들었는데 개 존맛;;;;;
손이 안 멈춤ㅠㅠㅠㅠㅠ","[광고] 한입먹을랬는데 한봉지 순삭이자너ㅠㅠ
link.coupang.com/a/ep1...
link.coupang.com/a/ep1...
""이 포스팅은 쿠팡 파트너스 활동의 일환으로, 이에 따른 일정액의 수수료를 제공받습니다."""
가성비 패션/스타일 추천,"와씨;; 자라 바지 미쳤네 진짜..ㄷㄷ
COS라고 해도 믿을 듯;;;;

집에 굴러다니는 티에 대충 입어도
꾸안꾸 마실룩이나 휴양지룩 똑딱임 ㄷㄷ","[광고]휘뚜루마뚜루 입기 딱 좋음ㅋㅋㅋ
link.coupang.com/a/ezQ...
link.coupang.com/a/ezQ...
""이 포스팅은 쿠팡 파트너스 활동의 일환으로, 이에 따른 일정액의 수수료를 제공받습니다"""
명품 스타일/가성비 추천,"와 자라 샌들 사고쳤다;;;

프라다맛 개지리네...
이거 보이면 일단 쟁기고 봐야함ㄷㄷ","[광고] 또 나만 못사고 품절될까봐 바로 지름ㅋㅋ
link.coupang.com/a/dV3...
link.coupang.com/a/dV3...
이 포스팅은 쿠팡 파트너스 활동의 일환으로, 이에 따른 일정액의 수수료를 제공받습니다."
이색 장난감/재미 강조,"조카들 사주려고 샀는데...

재밌어서
내가 다 쓰겠네;;;;;🧨🧨🧨","[광고] 내가 다써서 조카꺼 다시 샀음ㅋㅋㅋㅋ
link.coupang.com/a/eok...
link.coupang.com/a/eok...
이 포스팅은 쿠팡 파트너스 활동의 일환으로, 이에 따른 일정액의 수수료를 제공받습니다"
반려동물 공감/아이템 추천,"비 온다고 산책 안 나갔다가
집 뒤집힐 뻔함;;;

고집 진짜 누굴 닮았냐ㅠㅠㅠ","[광고] 저리 좋아하니 산책 안 갈 수도 없고;;;;
link.coupang.com/a/d7F...
link.coupang.com/a/d7F...
""이 포스팅은 쿠팡 파트너스 활동의 일환으로, 이에 따른 일정액의 수수료를 제공받습니다."""
초저가/피부 진정 효과 극찬,"와 다이소 시카크림 미쳤네;;;;
천원짜리라 기대 안했는데
피부 뒤집어졌을 때 썼다가
바로 더 쟁이러 감ㅠㅠ","[광고] 분홍이보다 이게 진짜 찐이었어;;;;
link.coupang.com/a/d05...
link.coupang.com/a/d05...
""이 포스팅은 쿠팡 파트너스 활동의 일환으로, 이에 따른 일정액의 수수료를 제공받습니다."""
싱크로율 100%/맛 재현,"맥날 감자 좋아하면 이거 꼭 먹어봐ㅠㅠ

치킨집 사장님이 쓰는 거라길래 샀는데
에프 돌리니까
진짜 맥날 갓튀김 맛 남;;","[광고] 이제 우리 애들 간식 걱정 없음ㅋㅋㅋ
link.coupang.com/a/eyd...
link.coupang.com/a/eyd...
이 포스팅은 쿠팡 파트너스 활동의 일환으로, 이에 따른 일정액의 수수료를 제공받습니다."
외국인 대란템/사용감 극찬,"아니 이거 나만 이제 알았냐고...;;;;

올영 갔는데
중국인들이 계속 담길래 궁금해서 써봤거든?

근데 촉촉한데 안 밀려서
왜 유명한지 바로 납득함ㅠㅠㅠ","[광고] 대란품인 이유가 있었음;;;
link.coupang.com/a/dGn...
link.coupang.com/a/dGn...
""이 포스팅은 쿠팡 파트너스 활동의 일환으로, 이에 따른 일정액의 수수료를 제공받습니다."""
똥손 탈출/아이디어 상품,"와 똥손 친구가 라떼아트 잘하길래
커피 천재인 줄 알았더니...
뒤에서 이거 쓰고 있었음;;;;

어쩐지 기가 막히더라..ㄷㄷㄷ","[광고] 바리스타가 아니어도 할 수 있다니;;;
link.coupang.com/a/dxE...
link.coupang.com/a/dxE...
이 포스팅은 쿠팡 파트너스 활동의 일환으로, 이에 따른 일정액의 수수료를 제공받습니다"
만능 활용법/유머러스 질문,"발을 씻자
지금까지 정리해본 효능

1. 욕실 청소
2. 변기 때
3. 싱크대 후드
4. 옷 얼룩 때 (흰옷 목 때)
5. 운동화 빨기

이걸로 바퀴벌레도 죽인다던데....
또 어디에 효과있음?","[광고] 근데 이 정도면 발은 녹는거 아님??;;;;
link.coupang.com/a/dQ3...
link.coupang.com/a/dQ3...
""이 포스팅은 쿠팡 파트너스 활동의 일환으로, 이에 따른 일정액의 수수료를 제공받습니다"""
